{
    "Camera matrix": [
        [
            4683.699302633899,
            0.0,
            480.82159887782564
        ],
        [
            0.0,
            4676.055128669002,
            508.27096764909976
        ],
        [
            0.0,
            0.0,
            1.0
        ]
    ],
    "Distortion": [
        [
            -2.067027101723576,
            61.77317069297287,
            -0.0014829389992566438,
            0.0009763486464181201,
            1814.5331939157377
        ]
    ],
    "Homography matrix": [
        [
            0.02111943652857646,
            0.2923710372863128,
            -98.30862908149999
        ],
        [
            0.33182457332304643,
            -0.0031784138383310393,
            -173.797573240331
        ],
        [
            0.0002507335023314271,
            -7.837275750518525e-06,
            1.0
        ]
    ],
    "Frame size": [
        1023,
        1023
    ],
    "Optimal camera matrix": [
        [
            4625.441619068353,
            0.0,
            481.20574676073693
        ],
        [
            0.0,
            4616.697429180251,
            508.0360290798914
        ],
        [
            0.0,
            0.0,
            1.0
        ]
    ],
    "Distortion ROI": [
        8,
        13,
        1000,
        995
    ]
}