{
    "Camera matrix": [
        [
            110162643.79271898,
            0.0,
            486.54957074842804
        ],
        [
            0.0,
            1224573.242305412,
            2016.1903460864928
        ],
        [
            0.0,
            0.0,
            1.0
        ]
    ],
    "Distortion": [
        [
            -0.006679579987991701,
            -2.1618676814151687e-08,
            -618.5186344555319,
            -4.655387113167816,
            -5.523178320234495e-15
        ]
    ],
    "Homography matrix": [
        [
            0.02111943652857646,
            0.2923710372863128,
            -98.30862908149999
        ],
        [
            0.33182457332304643,
            -0.0031784138383310393,
            -173.797573240331
        ],
        [
            0.0002507335023314271,
            -7.837275750518525e-06,
            1.0
        ]
    ],
    "Frame size": [
        905,
        1012
    ],
    "Optimal camera matrix": [
        [
            0.7011170079847843,
            0.0,
            3.096586715196148e-06
        ],
        [
            0.0,
            0.005797205757848896,
            9.54477027543681e-06
        ],
        [
            0.0,
            0.0,
            1.0
        ]
    ],
    "Distortion ROI": [
        0,
        0,
        0,
        0
    ]
}