{
    "Camera matrix": [
        [
            3914.5755321808642,
            0.0,
            771.4448355978058
        ],
        [
            0.0,
            3939.5356493716054,
            836.3475866234891
        ],
        [
            0.0,
            0.0,
            1.0
        ]
    ],
    "Distortion": [
        [
            -0.5979415521774788,
            0.06392856198585913,
            0.024434246826764143,
            0.025045331500452506,
            6.311609370706607
        ]
    ],
    "Homography matrix": [
        [
            0.02111943652857646,
            0.2923710372863128,
            -98.30862908149999
        ],
        [
            0.33182457332304643,
            -0.0031784138383310393,
            -173.797573240331
        ],
        [
            0.0002507335023314271,
            -7.837275750518525e-06,
            1.0
        ]
    ],
    "Frame size": [
        2046,
        2046
    ],
    "Optimal camera matrix": [
        [
            3661.99063998793,
            0.0,
            790.3104572300127
        ],
        [
            0.0,
            3682.3555483174564,
            855.0877247615881
        ],
        [
            0.0,
            0.0,
            1.0
        ]
    ],
    "Distortion ROI": [
        39,
        37,
        1964,
        1967
    ]
}